"id","firstName","lastName","email","password","salt","googleId","address","phoneNumber","isAdmin","createdAt","updatedAt"
1,"Brandon","Leonard","sa@bal.mv","cc97404e5928d79a09be6c62451ba80e523cdab4a3af0244f7870a8988529e31","PQjKJpkZgRlsQN6XBqGMwg==",,"108 Jiuh Grove","(682) 473-4145",FALSE,"2020-08-12 09:36:01.842-04","2020-08-12 09:36:01.842-04"
2,"Esther","Sasaki","ajazeloj@kil.fi","43b6c1bc57ee10d726630873d60f07aac19f93044687d5704749d97e9664cb01","sv/pgN6/Bc79kiNEvcHPmg==",,"299 Juzij Boulevard","(489) 483-8016",FALSE,"2020-08-12 09:36:01.843-04","2020-08-12 09:36:01.843-04"
3,"Maria","de Wit","furazuci@tipcajo.ee","ad0fc905c0fbd9fde0d0700603c739bd2df46f0132e5889f482dd82ccfd48bb5","KAD4NC6PMD/EAToIt1znaA==",,"1629 Ukkow Terrace","(285) 902-2673",FALSE,"2020-08-12 09:36:01.843-04","2020-08-12 09:36:01.843-04"
4,"Jessie","Terzani","iklusec@on.tf","43104cb50d510a6b5d0c91dd86108ca9b6b80b170292ed7bd77fc3b8d4b36cd4","P+Crlo2N+3LCc3RjMQLArg==",,"1088 Elohi Road","(409) 298-4158",FALSE,"2020-08-12 09:36:01.841-04","2020-08-12 09:36:01.841-04"
5,"Birdie","Arnold","ro@mibobki.va","54e5c7838fe80c4e4b046d391104fc1db057fa77a75d4e1677c39a926a0cac7d","gtEfI0GFghOaoC+g3xpdTw==",,"81 Rogin Extension","(286) 532-2221",FALSE,"2020-08-12 09:36:01.843-04","2020-08-12 09:36:01.843-04"
6,"Sue","Marcelli","hevnah@pel.tt","063a9e67c1179d21d55b792563c9996f264173e193a5609a8b9fcc19172aa1e8","+NgKyCoB3OdfmfnVNQXOPw==",,"1565 Jimeh Terrace","(228) 913-5806",FALSE,"2020-08-12 09:36:01.843-04","2020-08-12 09:36:01.843-04"
7,"Ruth","Nardi","bateod@joze.ar","49c3a44ce8f4c4e4316ccc0bff6191adf4d93f8e4e586681bfe738d9ee417842","Zq4UUSlDS0Julp+xJ+LOTw==",,"1328 Okmod Path","(875) 778-4017",FALSE,"2020-08-12 09:36:01.843-04","2020-08-12 09:36:01.843-04"
8,"Ralph","Morley","pol@ak.jo","f49fb9fab8acb8098e8c1778509563f4aaa5e395f28b065cfc67eac4de7de874","arL2TZBAJQotQ3QzNFZNVQ==",,"1040 Runer Loop","(989) 917-9830",FALSE,"2020-08-12 09:36:01.843-04","2020-08-12 09:36:01.843-04"
9,"Abbie","Matthews","zedguvis@lemmu.ac","4e186fa1e9b7e30267da2ce46f4afef91a7d702d10e46dd02ab8fd3c3b24e00b","QGQVYDRpnrR8RB4FkSMOUA==",,"1126 Siuv Boulevard","(744) 240-8008",FALSE,"2020-08-12 09:36:01.843-04","2020-08-12 09:36:01.843-04"
10,"Amanda","Begum","remcoroj@wocuna.cx","f016087c21ec214cb9d67753f91ecc769cbd935287dd9cd1005a6adf174632e8","+3zHZ+3xR3+z+LkkTWPd/Q==",,"1289 Etume Heights","(411) 229-4214",FALSE,"2020-08-12 09:36:01.844-04","2020-08-12 09:36:01.844-04"
11,"Sylvia","Bruce","numegdih@kasijro.ci","4323b105f10a87e59bf78212d5c8342f7d2341cea97e13a8bee40479f9402acc","OHL6gFdz3n+ccwazb+Sltg==",,"1141 Lulas Point","(518) 982-7366",FALSE,"2020-08-12 09:36:01.844-04","2020-08-12 09:36:01.844-04"
12,"Jesse","Wheeler","lepjifki@is.so","5a80d2eaa57e1cd6473f6e40ee3caa3e8358c4b5c7e5016f9c287287f04aac36","R1/H9aoa+O1TB/oPZys5kQ==",,"1742 Ucetiv Path","(440) 542-8470",FALSE,"2020-08-12 09:36:01.844-04","2020-08-12 09:36:01.844-04"
13,"Marguerite","Baxter","suvle@molidu.jo","1c6e8f022d5edd16aaf8e2da245d57c77f2124d0250994ca571d97f211d82424","dsNWRQXHi/eD9H7DtTwCIQ==",,"1130 Harut Ridge","(403) 960-8144",FALSE,"2020-08-12 09:36:01.844-04","2020-08-12 09:36:01.844-04"
14,"Juan","Campbell","muj@ubibom.tr","daf8ff91d69d9b1976da7f9a4686986883b44f4982590b3c5b80c715ab0b5b0e","flPy5D5H2a6IT0la9vSxPg==",,"507 Ruupa Park","(463) 489-9680",TRUE,"2020-08-12 09:36:01.844-04","2020-08-12 09:36:01.844-04"
15,"Sue","Frizzi","busaine@belosa.ba","d2dc74e64b4f6b9989f6dc0b1f8a44923a8183cb822c66ea9d5d3a78fde1bd19","UihPo2QfhQJydNIHYKyxdA==",,"1672 Maproz Place","(668) 798-9238",FALSE,"2020-08-12 09:36:01.844-04","2020-08-12 09:36:01.844-04"
16,"Glenn","Roberson","wipun@hec.id","19572030a381646c29697a9d344201ff7fdb498815a4002d3cab28fe9b24c56f","iyiXO15JkGU0fUCdgxI6jA==",,"1030 Dere River","(880) 356-1252",FALSE,"2020-08-12 09:36:01.845-04","2020-08-12 09:36:01.845-04"
17,"Emma","Winter","edenbi@bileip.gp","d7916aca3155ed52722ce2fab3c1619cb3ec2846338e81bcb89ac6dbea07bc14","ofk9hJ+/b6ya8dy34URlVA==",,"1060 Nuogi Grove","(911) 592-1756",FALSE,"2020-08-12 09:36:01.845-04","2020-08-12 09:36:01.845-04"
18,"Jeremiah","Livi","luzvuliw@uw.my","28f5b7942725c1792fd4b3d70e9c8fb17df520f7aa98f983562909f5ae686169","ksjMpruTeepI8OJd2WRyWg==",,"1722 Ulzo Square","(260) 734-9175",FALSE,"2020-08-12 09:36:01.845-04","2020-08-12 09:36:01.845-04"
19,"Ida","Mele","evbud@ibojus.th","28e729e4c587324cd94d667a28865342cd5289285ebdf836c1b09909f4fea67a","6d027ukMXaRRfh1JwoHNqw==",,"1170 Uzoho Avenue","(981) 499-4408",FALSE,"2020-08-12 09:36:01.845-04","2020-08-12 09:36:01.845-04"
20,"Francis","Palchetti","lam@rije.mx","47e6a8cfef1ad944ba1d4e4af9def6ea300794279878ff639715b35a3dcb4f2d","S8HtXPCB2jCT1fkIT6NP6A==",,"94 Vapdo Street","(568) 378-1801",FALSE,"2020-08-12 09:36:01.845-04","2020-08-12 09:36:01.845-04"
21,"Celia","Bouman","musutov@ogperu.bn","b1e10a58dcb3e9950b77ee8994c96e41b81d435344b4da56fd2a5d5590e019e1","vuvNbpdNN3rYmVNjF+IUqA==",,"1446 Ojoel Grove","(638) 311-8744",FALSE,"2020-08-12 09:36:01.845-04","2020-08-12 09:36:01.845-04"
22,"Julia","Garcia","lef@sejipjij.ru","3a74ecdcf2b5dc90d47782bfd241257021e535d2a6cf11b2f5a07da330c0e637","UVvqZFxhSw6LoiTJz74Dfg==",,"1491 Ivfi Junction","(604) 329-1177",FALSE,"2020-08-12 09:36:01.845-04","2020-08-12 09:36:01.845-04"
23,"Rhoda","Okamoto","ni@kedonhi.mq","b773cf2791f22724509d2e84a8f6899d7634e618dbf1c16eb92a8f2df9fd401e","9U4kxB90qPmDMXrnAqq5Dw==",,"363 Lule Lane","(548) 467-9053",FALSE,"2020-08-12 09:36:01.845-04","2020-08-12 09:36:01.845-04"
24,"Shawn","Catalano","kurip@diuke.at","4e02993305bdcd7228b7ce4ada18ea4e7eb26492cfbed03410cec2e7259a5cc2","fL00PMuahWFrUyXHzrG6BQ==",,"1045 Ojika Extension","(270) 236-8388",FALSE,"2020-08-12 09:36:01.845-04","2020-08-12 09:36:01.845-04"
25,"Nina","BÃ©nard","da@buik.ag","49343c5f62723603a59ce2a1d2a398c8db9a30392b61b059251322182cd1934e","xgTazfk1HmFoKvVpNYHvVQ==",,"1285 Pipap Park","(836) 383-1717",FALSE,"2020-08-12 09:36:01.845-04","2020-08-12 09:36:01.845-04"
26,"Elnora","Terpstra","ulfu@rapkiku.ai","a82441dfb9bdbcf8d680c68f39acf97c188bcb32813bfb2ed55539fbf0245871","+HFw+PnHa8xMRNYl06RAhw==",,"1985 Lici Parkway","(202) 602-8266",FALSE,"2020-08-12 09:36:01.845-04","2020-08-12 09:36:01.845-04"
27,"Edward","Moreau","dacsuspiw@wi.ng","3953a499416013d660d375e7e131e6af25999caac50b323f4d61fb1616c16a11","EfkLYOOV5Q+sp9brr5/CLg==",,"791 Afce Drive","(463) 520-6504",FALSE,"2020-08-12 09:36:01.845-04","2020-08-12 09:36:01.845-04"
28,"Adrian","Hidalgo","kopeko@cigohesa.lr","0da8260aea964ed2d530362f5907dec56851c11c6a25a2478fab7536115dfd7f","2GhmZQjwhQiFT1agQj06+A==",,"1411 Apkif Mill","(466) 734-1037",FALSE,"2020-08-12 09:36:01.845-04","2020-08-12 09:36:01.845-04"
29,"Herbert","Montigiani","jolo@bipbomir.bi","ef24ada7196b345048708f68eb31d8a1945231169c2de1bba5fc7165ef5fc6b1","qiJ+t7mmzFrknTv2lve67g==",,"1095 Eboheg River","(780) 794-3120",FALSE,"2020-08-12 09:36:01.846-04","2020-08-12 09:36:01.846-04"
30,"Peter","Cavallaro","gi@nuebonun.mk","285cf0ea7890be0567627def31f4c119c02d37c251a05455c6f60a6e8011296b","iL3vGja+/9h4f19dimsoHg==",,"882 Vaok Grove","(231) 333-5423",FALSE,"2020-08-12 09:36:01.846-04","2020-08-12 09:36:01.846-04"
31,"Lenora","Sestini","iwaciwe@en.in","8bb430ccc13b84495bfc5cef8e8b6ad4b34cfbd3256d3612d225d7a3a3e80e13","PWulVfGEwzjH1VOHnaxcpg==",,"883 Fomaw Boulevard","(479) 880-2484",FALSE,"2020-08-12 09:36:01.846-04","2020-08-12 09:36:01.846-04"
32,"Cora","Simon","cod@zivu.cm","3f1c7dd2891b9814700091a2480d8042e3f8a789799df901fa39af1c82330162","lm2WHB1IuppEi5QFtm8u7A==",,"341 Fulevo Drive","(632) 715-6159",FALSE,"2020-08-12 09:36:01.846-04","2020-08-12 09:36:01.846-04"
33,"Jay","Sakamoto","lat@johvidvi.tm","ba19f9c19f68ac6012331175e1b19f7e060bc650c3baa635f93c77ff325171b7","j52y0T4BmNMF8BDLlPLn3A==",,"307 Zajrah Street","(868) 919-5504",FALSE,"2020-08-12 09:36:01.846-04","2020-08-12 09:36:01.846-04"
34,"Mina","Magnani","mifco@javsul.gf","36ade10706924ce7bdd13898d6ac7f1f41b16dae692d38968ac11bc592e29b71","D/jI68PjC1NBhww77PnNQA==",,"1423 Saaw Parkway","(267) 410-3834",FALSE,"2020-08-12 09:36:01.846-04","2020-08-12 09:36:01.846-04"
35,"Brent","Poggiali","gabawsa@zipak.ph","a374807a6e66ce4d708e748dd3877eb243631058d7d5bced2ec403f0560a44e4","DkH4RqwHpxFhsVKhu/BHog==",,"152 Paize Highway","(848) 342-7423",FALSE,"2020-08-12 09:36:01.846-04","2020-08-12 09:36:01.846-04"
36,"Mark","Terpstra","pujtofan@lutcigu.is","4b1c31435a1f5a7bac5bdd0862d62f56454c451d219646736ada533b15985cb0","ROYgRI0OmHnFcXe/PvaYMA==",,"683 Irliv Circle","(321) 702-3565",FALSE,"2020-08-12 09:36:01.846-04","2020-08-12 09:36:01.846-04"
37,"Augusta","Schulz","jim@jun.do","b28a6b24f0a9111294ac49498c333f75c4e4960d47f8a5a805ce6968a4ec75a2","0NzDdiMcHxnok5vrIgm09Q==",,"257 Beszu Avenue","(441) 996-1515",FALSE,"2020-08-12 09:36:01.846-04","2020-08-12 09:36:01.846-04"
38,"Blanche","Lombardini","risih@upu.gi","ae097b37408cdc4a94740663c14df600f3af44d2f4dd4ac5add0204b03f1af34","ILqn56tGsmmAMXkASRgU3w==",,"77 Toig Key","(641) 573-6163",FALSE,"2020-08-12 09:36:01.846-04","2020-08-12 09:36:01.846-04"
39,"Lewis","Fiesoli","avi@kujfit.ao","4501757a18f06443ed49af878726374c0e27728306dbe6ad08f0a7783299f75c","C0+U7NISeKBROpX/RV5G0g==",,"494 Gecine Loop","(748) 320-6387",FALSE,"2020-08-12 09:36:01.846-04","2020-08-12 09:36:01.846-04"
40,"Helen","Kaiser","fu@va.sx","a9457a553e6c92ddd7e87222fcba4e43bb5ebee75db563db7ec3db194eeacc27","hvKGaOF9JvQVcMEb2KidYQ==",,"581 Nepaw Mill","(529) 340-3185",TRUE,"2020-08-12 09:36:01.846-04","2020-08-12 09:36:01.846-04"
41,"Vernon","Koster","bepcib@fekhejpap.lv","d3a7a11b8d79a05bc0d1e7302c30bdbaed179806928f46858db60ce080af1e3d","AlelOhZGJua6cTCOTqJ2aA==",,"1273 Zefhi Point","(450) 800-8744",FALSE,"2020-08-12 09:36:01.846-04","2020-08-12 09:36:01.846-04"
42,"Adele","Schulte","kiimelu@wekhemi.pg","debddaf895848844dedc4a41731e7ab9b3b0f6b4c3f57afeb834aa4f28957ac2","BkvoLbNdpIyd0dIRzG0mUw==",,"1038 Vecda Key","(485) 314-4932",FALSE,"2020-08-12 09:36:01.846-04","2020-08-12 09:36:01.846-04"
43,"Effie","Blackburn","difow@binrija.ru","03fe6cce66d470e2a5b88ce286c01871012e774e9873b70efd138196286301e4","VMipDVHJ+Zj9yfwz+iHiBw==",,"1659 Ille Grove","(258) 986-5830",FALSE,"2020-08-12 09:36:01.847-04","2020-08-12 09:36:01.847-04"
44,"Cory","Woodward","igiveepe@efazuga.kp","53fb3e335e41fdacd1aeb3f8c09f141d032b11489790488a91e16e72a2262f29","kB4EPsBA1AeUN3Xz7kqEgw==",,"1715 Rasi Junction","(777) 839-6893",FALSE,"2020-08-12 09:36:01.847-04","2020-08-12 09:36:01.847-04"
45,"Leila","Patton","pizalane@kaki.om","71b79c2d9f146c0bba107b54a07b579077273e3bac8c249d0f3c99369c086136","+4hoJNmAjLAUd2qpdpnWjw==",,"1135 Leot Highway","(371) 927-2154",FALSE,"2020-08-12 09:36:01.847-04","2020-08-12 09:36:01.847-04"
46,"Rosetta","Crespo","omitije@vuhal.kp","9533b522fd4ed28dd27ab03fb6832697dd2916a66f256aa1c9c0c79059a30536","+OGztqjQhWk+0aJw/TW7WQ==",,"1664 Josaca Court","(501) 876-7839",FALSE,"2020-08-12 09:36:01.847-04","2020-08-12 09:36:01.847-04"
47,"Phillip","Tol","zimafi@ik.qa","482407a09a7ef05037a7add71093f4b3bd2645251a29d0ff4315ef8c73df27d1","j+kOI0lK1j9Qj46ESKIILA==",,"1759 Kaez Avenue","(866) 474-7878",FALSE,"2020-08-12 09:36:01.847-04","2020-08-12 09:36:01.847-04"
48,"Bruce","Mellor","julzoj@koleju.mx","e9bbf4edc961d4185881dded5e3295d7c2fa3885d6ba7f078179401199f757cc","kn9ZieNnd+iQe994jT2rrg==",,"1363 Iluf Park","(954) 487-1803",FALSE,"2020-08-12 09:36:01.847-04","2020-08-12 09:36:01.847-04"
49,"Melvin","Bennett","ha@sogifro.lk","bdaa9f6c908d93a6225170627a4c7e760b453078c356f3c2112da2a80dffa1b0","i3X6sHs9B2bO7wk+Yen5ug==",,"594 Ezhov Highway","(686) 779-5160",FALSE,"2020-08-12 09:36:01.848-04","2020-08-12 09:36:01.848-04"
50,"Gene","Romei","jigrormo@vifeko.pr","8289c2990589a6041b2074d757678dbc4f72fdd61a059b3d64a46c6844a712e7","As34k5BJauEeSxvwLwoZ5w==",,"852 Tobfe Lane","(212) 409-2369",FALSE,"2020-08-12 09:36:01.848-04","2020-08-12 09:36:01.848-04"
51,"Zeke","Nierenberg","zeke@zeke.zeke","0fdb186f320a58ef8f03586140484c93bb31c75c3a84de158c7145b06b1d356a","FBJbzH8oOKR70QxTjUO0/w==",,,,TRUE,"2020-08-12 09:36:01.848-04","2020-08-12 09:36:01.848-04"
52,"Omri","Bernstein","omri@zeke.zeke","c7bb5521c2447662b1798852761b1d14479f108e3d75c2395772316a5d338e34","uFcfPbUZy7X+B5vzElWP6Q==",,,,FALSE,"2020-08-12 09:36:01.848-04","2020-08-12 09:36:01.848-04"
